Hyundai Santro Xing,Hyundai
Mahindra Jeep CL550,Mahindra
Hyundai Grand i10,Hyundai
Ford EcoSport Titanium,Ford
Ford Figo,Ford
Hyundai Eon,Hyundai
Ford EcoSport Ambiente,Ford
Maruti Suzuki Alto,Maruti
Skoda Fabia Classic,Skoda
Maruti Suzuki Stingray,Maruti
Hyundai Elite i20,Hyundai
Mahindra Scorpio SLE,Mahindra
Hyundai Santro Xing,Hyundai
Mahindra Jeep CL550,Mahindra
Audi A8,Audi
Audi Q7,Audi
Mahindra Scorpio S10,Mahindra
Maruti Suzuki Alto,Maruti
Mahindra Scorpio S10,Mahindra
Mahindra Scorpio S10,Mahindra
Maruti Suzuki Alto,Maruti
Hyundai i20 Sportz,Hyundai
Hyundai i20 Sportz,Hyundai
Hyundai i20 Sportz,Hyundai
Maruti Suzuki Alto,Maruti
Maruti Suzuki Vitara,Maruti
Maruti Suzuki Alto,Maruti
Mahindra Bolero DI,Mahindra
Maruti Suzuki Swift,Maruti
Mahindra Scorpio S10,Mahindra
Maruti Suzuki Swift,Maruti
Maruti Suzuki Wagon,Maruti
Maruti Suzuki Wagon,Maruti
Toyota Innova 2.0,Toyota
Renault Lodgy 85,Renault
Skoda Yeti Ambition,Skoda
Maruti Suzuki Baleno,Maruti
Renault Duster 110,Renault
Renault Duster 85,Renault
Honda City 1.5,Honda
Maruti Suzuki Alto,Maruti
Maruti Suzuki Dzire,Maruti
Honda Amaze,Honda
Honda Amaze 1.5,Honda
Honda City,Honda
Datsun Redi GO,Datsun
Maruti Suzuki SX4,Maruti
Mitsubishi Pajero Sport,Mitsubishi
Mahindra Bolero DI,Mahindra
Maruti Suzuki Swift,Maruti
Mahindra Scorpio S10,Mahindra
Maruti Suzuki Swift,Maruti
Maruti Suzuki Wagon,Maruti
Maruti Suzuki Wagon,Maruti
Mahindra Scorpio S10,Mahindra
Maruti Suzuki Swift,Maruti
Honda City ZX,Honda
Maruti Suzuki Wagon,Maruti
Ford Figo,Ford
Hyundai Eon,Hyundai
Tata Indigo eCS,Tata
Ford EcoSport Ambiente,Ford
Tata Indigo eCS,Tata
Mahindra Scorpio SLE,Mahindra
Volkswagen Polo Highline,Volkswagen
Skoda Fabia Classic,Skoda
Maruti Suzuki Stingray,Maruti
Chevrolet Spark LS,Chevrolet
Renault Duster 110PS,Renault
Honda City,Honda
Mini Cooper S,Mini
Datsun Redi GO,Datsun
Skoda Fabia 1.2L,Skoda
Honda Amaze,Honda
Honda Amaze,Honda
Renault Duster,Renault
Mini Cooper S,Mini
Mahindra Scorpio S4,Mahindra
Mahindra Scorpio VLX,Mahindra
Mahindra Quanto C8,Mahindra
Ford EcoSport,Ford
Honda Brio,Honda
Volkswagen Vento Highline,Volkswagen
Hyundai i20 Magna,Hyundai
Toyota Corolla Altis,Toyota
Hyundai Verna Transform,Hyundai
Toyota Corolla Altis,Toyota
Honda City 1.5,Honda
Hyundai Elite i20,Hyundai
Skoda Fabia 1.2L,Skoda
BMW 3 Series,BMW
Maruti Suzuki A,Maruti
Toyota Etios GD,Toyota
Ford Figo Diesel,Ford
Maruti Suzuki Swift,Maruti
Chevrolet Beat LT,Chevrolet
BMW 7 Series,BMW
Mahindra XUV500 W8,Mahindra
Hyundai i10 Magna,Hyundai
Hyundai Verna Fluidic,Hyundai
Maruti Suzuki Swift,Maruti
Maruti Suzuki Ertiga,Maruti
Ford EcoSport Titanium,Ford
Maruti Suzuki Ertiga,Maruti
Maruti Suzuki Ertiga,Maruti
Maruti Suzuki Alto,Maruti
Hyundai Grand i10,Hyundai
Honda Amaze 1.2,Honda
Hyundai i20 Asta,Hyundai
Ford Figo Diesel,Ford
Maruti Suzuki Eeco,Maruti
Maruti Suzuki Ertiga,Maruti
Maruti Suzuki Esteem,Maruti
Maruti Suzuki Ritz,Maruti
Maruti Suzuki Dzire,Maruti
Maruti Suzuki Ritz,Maruti
Maruti Suzuki Swift,Maruti
Maruti Suzuki Dzire,Maruti
Toyota Etios Liva,Toyota
Hyundai i20 Sportz,Hyundai
Chevrolet Spark,Chevrolet
Maruti Suzuki Alto,Maruti
Nissan Micra XV,Nissan
Maruti Suzuki Swift,Maruti
Maruti Suzuki Alto,Maruti
Honda Amaze 1.5,Honda
Maruti Suzuki Alto,Maruti
Chevrolet Beat,Chevrolet
Honda City 1.5,Honda
Ford EcoSport Trend,Ford
Hyundai i20 Asta,Hyundai
Maruti Suzuki Swift,Maruti
Tata Indica V2,Tata
Hindustan Motors Ambassador,Hindustan
Toyota Corolla Altis,Toyota
Toyota Corolla Altis,Toyota
Toyota Innova 2.5,Toyota
Volkswagen Jetta Highline,Volkswagen
Volkswagen Polo Comfortline,Volkswagen
Volkswagen Polo,Volkswagen
Mahindra Scorpio,Mahindra
Renault Duster,Renault
Honda Amaze,Honda
Nissan Sunny,Nissan
Hyundai Elite i20,Hyundai
Renault Kwid,Renault
Renault Duster,Renault
Ford EcoSport,Ford
Renault Duster,Renault
Mahindra Scorpio VLX,Mahindra
Maruti Suzuki Alto,Maruti
Chevrolet Spark LT,Chevrolet
Datsun Redi GO,Datsun
Maruti Suzuki Swift,Maruti
Fiat Punto Emotion,Fiat
Maruti Suzuki Swift,Maruti
Toyota Etios GD,Toyota
Hyundai i20 Sportz,Hyundai
Hyundai i10 Sportz,Hyundai
Chevrolet Beat LT,Chevrolet
Chevrolet Beat LS,Chevrolet
Chevrolet Beat LT,Chevrolet
Mahindra Scorpio VLX,Mahindra
Tata Indigo CS,Tata
Toyota Corolla Altis,Toyota
Honda City 1.5,Honda
Maruti Suzuki Swift,Maruti
Hyundai Eon Era,Hyundai
Mahindra Scorpio S10,Mahindra
Mahindra XUV500,Mahindra
Honda Brio,Honda
Ford Fiesta,Ford
Honda Amaze,Honda
Honda City,Honda
Maruti Suzuki Wagon,Maruti
Honda City,Honda
Hyundai i20,Hyundai
Tata Indigo eCS,Tata
Hyundai Fluidic Verna,Hyundai
Mahindra Quanto C8,Mahindra
Fiat Petra ELX,Fiat
Skoda Fabia 1.2L,Skoda
Mini Cooper S,Mini
Hyundai Santro Xing,Hyundai
Maruti Suzuki Ciaz,Maruti
Maruti Suzuki Zen,Maruti
Honda City,Honda
Hyundai Creta 1.6,Hyundai
Mahindra Scorpio SLX,Mahindra
Mahindra Scorpio SLE,Mahindra
Toyota Innova 2.5,Toyota
Maruti Suzuki Alto,Maruti
Maruti Suzuki Wagon,Maruti
Tata Nano Cx,Tata
Maruti Suzuki Alto,Maruti
Maruti Suzuki Wagon,Maruti
Maruti Suzuki Swift,Maruti
Tata Sumo Victa,Tata
Maruti Suzuki Wagon,Maruti
Maruti Suzuki Alto,Maruti
Volkswagen Passat Diesel,Volkswagen
Renault Scala RxL,Renault
Mahindra Quanto C8,Mahindra
Hyundai Grand i10,Hyundai
Hyundai i20 Active,Hyundai
Mahindra Xylo E4,Mahindra
Mahindra Jeep MM,Mahindra
Renault Duster 110PS,Renault
Mahindra Bolero SLE,Mahindra
Force Motors Force,Force
Maruti Suzuki SX4,Maruti
Mahindra Jeep CL550,Mahindra
Maruti Suzuki Alto,Maruti
Mahindra Jeep CL550,Mahindra
Toyota Etios,Toyota
Volkswagen Polo,Volkswagen
Honda City ZX,Honda
Maruti Suzuki Wagon,Maruti
Honda City VX,Honda
Mahindra Thar CRDe,Mahindra
Mitsubishi Pajero Sport,Mitsubishi
Audi A4 1.8,Audi
Mercedes Benz GLA,Mercedes
Land Rover Freelander,Land
Renault Kwid RXT,Renault
Tata Aria Pleasure,Tata
Mercedes Benz B,Mercedes
Datsun GO T,Datsun
Tata Indigo eCS,Tata
Tata Indigo eCS,Tata
Honda Jazz VX,Honda
Honda Amaze 1.2,Honda
Honda Amaze,Honda
Honda City,Honda
Honda City,Honda
Honda Amaze,Honda
Audi A4 1.8,Audi
Force Motors Force,Force
Mahindra Scorpio S4,Mahindra
Hyundai i20 Active,Hyundai
Mini Cooper S,Mini
Maruti Suzuki Ciaz,Maruti
Chevrolet Tavera Neo,Chevrolet
Honda Amaze,Honda
Hyundai Eon Sportz,Hyundai
Tata Sumo Gold,Tata
Maruti Suzuki Wagon,Maruti
Maruti Suzuki Esteem,Maruti
Maruti Suzuki Eeco,Maruti
Chevrolet Enjoy 1.4,Chevrolet
Hyundai i20 Asta,Hyundai
Ford Figo Diesel,Ford
Maruti Suzuki Eeco,Maruti
Maruti Suzuki Ertiga,Maruti
Maruti Suzuki Esteem,Maruti
Maruti Suzuki Ritz,Maruti
Maruti Suzuki Dzire,Maruti
Maruti Suzuki Ritz,Maruti
Maruti Suzuki SX4,Maruti
Maruti Suzuki Wagon,Maruti
Mini Cooper S,Mini
Nissan Terrano XL,Nissan
Renault Duster 85,Renault
Renault Duster 85,Renault
Renault Duster 85,Renault
Maruti Suzuki Dzire,Maruti
Renault Kwid RXT,Renault
Maruti Suzuki Maruti,Maruti
Renault Kwid 1.0,Renault
Renault Lodgy 85,Renault
Renault Scala RxL,Renault
Hyundai Grand i10,Hyundai
Maruti Suzuki Swift,Maruti
Chevrolet Beat LS,Chevrolet
Tata Indigo eCS,Tata
Hyundai Santro Xing,Hyundai
Hyundai Fluidic Verna,Hyundai
Chevrolet Beat LS,Chevrolet
Mahindra Quanto C8,Mahindra
Fiat Petra ELX,Fiat
Chevrolet Beat LS,Chevrolet
Skoda Fabia 1.2L,Skoda
Ford EcoSport Titanium,Ford
Hyundai Accent GLX,Hyundai
Mahindra TUV300 T4,Mahindra
Mini Cooper S,Mini
Mini Cooper S,Mini
Tata Indica V2,Tata
Mini Cooper S,Mini
Tata Indigo CS,Tata
Maruti Suzuki Swift,Maruti
Mahindra Scorpio VLX,Mahindra
Honda Accord,Honda
Mahindra Scorpio S4,Mahindra
Chevrolet Tavera Neo,Chevrolet
Ford EcoSport Titanium,Ford
Maruti Suzuki Ertiga,Maruti
Honda Amaze,Honda
Maruti Suzuki Dzire,Maruti
Honda City,Honda
Mahindra Scorpio 2.6,Mahindra
Maruti Suzuki Dzire,Maruti
Honda City,Honda
Honda Mobilio,Honda
Toyota Corolla Altis,Toyota
Honda City,Honda
Skoda Laura,Skoda
Renault Duster,Renault
Maruti Suzuki Ertiga,Maruti
Maruti Suzuki Dzire,Maruti
Mahindra XUV500,Mahindra
Hyundai Verna Fluidic,Hyundai
Maruti Suzuki Vitara,Maruti
Maruti Suzuki Wagon,Maruti
Mahindra Scorpio,Mahindra
Honda Amaze,Honda
Mahindra XUV500,Mahindra
Mahindra Scorpio,Mahindra
Skoda Laura,Skoda
Volkswagen Polo,Volkswagen
Hyundai Elite i20,Hyundai
Tata Manza Aura,Tata
Chevrolet Sail UVA,Chevrolet
Renault Duster 110,Renault
Hyundai Verna Fluidic,Hyundai
Audi A4 2.0,Audi
Hyundai Elantra SX,Hyundai
Mahindra Scorpio VLX,Mahindra
Mahindra KUV100 K8,Mahindra
Renault Scala RxL,Renault
Mahindra Quanto C8,Mahindra
Hyundai Grand i10,Hyundai
Hyundai i20 Active,Hyundai
Mahindra Xylo E4,Mahindra
Hyundai Grand i10,Hyundai
Hyundai i20,Hyundai
Hyundai Eon,Hyundai
Hyundai i10,Hyundai
Hyundai i20 Active,Hyundai
Datsun Redi GO,Datsun
Toyota Etios Liva,Toyota
Hyundai Accent,Hyundai
Hyundai Verna,Hyundai
Maruti Suzuki Swift,Maruti
Toyota Fortuner,Toyota
Hyundai i10 Sportz,Hyundai
Mahindra Bolero Power,Mahindra
Mahindra XUV500,Mahindra
Honda City 1.5,Honda
Chevrolet Spark LT,Chevrolet
Mahindra Jeep MM,Mahindra
Renault Duster 110PS,Renault
Mahindra XUV500,Mahindra
Tata Indigo eCS,Tata
Mahindra Bolero SLE,Mahindra
Force Motors Force,Force
Skoda Rapid Elegance,Skoda
Tata Vista Quadrajet,Tata
Maruti Suzuki Alto,Maruti
Maruti Suzuki SX4,Maruti
Maruti Suzuki Zen,Maruti
Mahindra Jeep CL550,Mahindra
Hyundai i10 Magna,Hyundai
Maruti Suzuki Alto,Maruti
Maruti Suzuki Swift,Maruti
Honda City ZX,Honda
Mahindra Jeep CL550,Mahindra
Mahindra Jeep MM,Mahindra
Chevrolet Beat Diesel,Chevrolet
Honda City 1.5,Honda
Hyundai Verna 1.4,Hyundai
Toyota Innova 2.5,Toyota
Maruti Suzuki Maruti,Maruti
Toyota Etios,Toyota
Volkswagen Polo,Volkswagen
Maruti Suzuki Swift,Maruti
Hyundai Elite i20,Hyundai
Maruti Suzuki Swift,Maruti
Maruti Suzuki Versa,Maruti
Tata Indigo LX,Tata
Volkswagen Vento Konekt,Volkswagen
Mercedes Benz C,Mercedes
Maruti Suzuki Ertiga,Maruti
Honda City,Honda
Hyundai Santro Xing,Hyundai
Maruti Suzuki Omni,Maruti
Hyundai Sonata Transform,Hyundai
Hyundai Elite i20,Hyundai
Volkswagen Vento Konekt,Volkswagen
Maruti Suzuki Alto,Maruti
Maruti Suzuki Alto,Maruti
Honda Jazz S,Honda
Hyundai Grand i10,Hyundai
Maruti Suzuki Zen,Maruti
Mahindra Scorpio W,Mahindra
Maruti Suzuki Alto,Maruti
Hyundai Grand i10,Hyundai
Mahindra XUV500 W8,Mahindra
Hyundai Creta 1.6,Hyundai
Hyundai i20 Magna,Hyundai
Renault Duster 85,Renault
Hyundai Grand i10,Hyundai
Honda Brio V,Honda
Mahindra TUV300 T4,Mahindra
Chevrolet Spark LS,Chevrolet
Mahindra TUV300 T8,Mahindra
Maruti Suzuki Swift,Maruti
Nissan X Trail,Nissan
Maruti Suzuki Alto,Maruti
Ford Ikon 1.3,Ford
Toyota Fortuner 3.0,Toyota
Tata Manza ELAN,Tata
Mercedes Benz A,Mercedes
Chevrolet Beat LS,Chevrolet
Ford EcoSport Trend,Ford
Tata Indigo LS,Tata
Hyundai i20 Magna,Hyundai
Volkswagen Vento Highline,Volkswagen
Renault Kwid RXT,Renault
Ford EcoSport Titanium,Ford
Honda Amaze 1.5,Honda
Hyundai Verna 1.6,Hyundai
BMW 5 Series,BMW
Skoda Superb 1.8,Skoda
Audi Q3 2.0,Audi
Mahindra Bolero DI,Mahindra
Mahindra Scorpio S10,Mahindra
Ford Figo Duratorq,Ford
Maruti Suzuki Wagon,Maruti
Mahindra Logan Diesel,Mahindra
Tata Nano GenX,Tata
Mahindra TUV300 T4,Mahindra
Mahindra TUV300 T4,Mahindra
Hyundai Elite i20,Hyundai
Hyundai Elite i20,Hyundai
Honda City SV,Honda
Maruti Suzuki Baleno,Maruti
Ford Figo Petrol,Ford
Mahindra Scorpio S10,Mahindra
Honda City,Honda
Hyundai Elite i20,Hyundai
Maruti Suzuki Versa,Maruti
Hyundai Eon Era,Hyundai
Mitsubishi Pajero Sport,Mitsubishi
Hyundai i10 Magna,Hyundai
Toyota Corolla H2,Toyota
Maruti Suzuki Swift,Maruti
Tata Indigo CS,Tata
Mahindra Scorpio S10,Mahindra
Mahindra Scorpio S10,Mahindra
Hyundai Xcent Base,Hyundai
Honda City,Honda
Hyundai Accent Executive,Hyundai
Maruti Suzuki Baleno,Maruti
Tata Zest XE,Tata
Maruti Suzuki Dzire,Maruti
Tata Sumo Gold,Tata
Toyota Corolla Altis,Toyota
Maruti Suzuki Eeco,Maruti
Toyota Fortuner 3.0,Toyota
Mahindra XUV500 W6,Mahindra
Tata Tigor Revotron,Tata
Maruti Suzuki 800,Maruti
Maruti Suzuki Ertiga,Maruti
Maruti Suzuki Versa,Maruti
Honda Mobilio S,Honda
Maruti Suzuki Ertiga,Maruti
Maruti Suzuki Vitara,Maruti
Hyundai Verna 1.6,Hyundai
Maruti Suzuki Swift,Maruti
Toyota Fortuner 3.0,Toyota
Maruti Suzuki Omni,Maruti
Honda Amaze,Honda
Tata Indica,Tata
Hyundai Santro Xing,Hyundai
Maruti Suzuki Zen,Maruti
Maruti Suzuki Wagon,Maruti
Maruti Suzuki Wagon,Maruti
Honda Brio VX,Honda
Maruti Suzuki Zen,Maruti
Maruti Suzuki Zen,Maruti
Maruti Suzuki Wagon,Maruti
Maruti Suzuki Alto,Maruti
Renault Kwid RXT,Renault
Tata Nano Lx,Tata
Jaguar XE XE,Jaguar
Hyundai Eon Magna,Hyundai
Honda City 1.5,Honda
Hindustan Motors Ambassador,Hindustan
Maruti Suzuki Ritz,Maruti
Hyundai Grand i10,Hyundai
Hyundai Eon D,Hyundai
Maruti Suzuki Swift,Maruti
Maruti Suzuki Wagon,Maruti
Honda Amaze 1.2,Honda
Maruti Suzuki Estilo,Maruti
Maruti Suzuki Vitara,Maruti
Maruti Suzuki Eeco,Maruti
Hyundai Creta 1.6,Hyundai
Mahindra Scorpio Vlx,Mahindra
Maruti Suzuki Ertiga,Maruti
Mitsubishi Lancer 1.8,Mitsubishi
Maruti Suzuki Maruti,Maruti
Maruti Suzuki Alto,Maruti
Hyundai Grand i10,Hyundai
Hyundai Eon D,Hyundai
Ford Fiesta SXi,Ford
Maruti Suzuki Ritz,Maruti
Hyundai Verna Fluidic,Hyundai
Maruti Suzuki Wagon,Maruti
Maruti Suzuki Estilo,Maruti
Audi A6 2.0,Audi
Maruti Suzuki Wagon,Maruti
Maruti Suzuki Wagon,Maruti
Maruti Suzuki Wagon,Maruti
Maruti Suzuki Alto,Maruti
Maruti Suzuki Baleno,Maruti
Hyundai Verna 1.6,Hyundai
Maruti Suzuki Swift,Maruti
Hyundai Getz Prime,Hyundai
Hyundai Santro,Hyundai
Hyundai Getz Prime,Hyundai
Chevrolet Beat PS,Chevrolet
Ford EcoSport Trend,Ford
Maruti Suzuki Dzire,Maruti
Hyundai Fluidic Verna,Hyundai
Tata Indica V2,Tata
BMW X1 xDrive20d,BMW
Hyundai i20 Asta,Hyundai
Honda City 1.5,Honda
Tata Nano,Tata
Chevrolet Cruze LTZ,Chevrolet
Hyundai Verna Fluidic,Hyundai
Maruti Suzuki Swift,Maruti
Mahindra XUV500 W6,Mahindra
Mahindra XUV500 W10,Mahindra
Maruti Suzuki Alto,Maruti
Hyundai Accent GLE,Hyundai
Force Motors One,Force
Maruti Suzuki Alto,Maruti
Chevrolet Spark 1.0,Chevrolet
Hyundai i10,Hyundai
Toyota Etios Liva,Toyota
Renault Duster 85PS,Renault
Chevrolet Enjoy,Chevrolet
Maruti Suzuki Alto,Maruti
BMW 5 Series,BMW
Toyota Etios Liva,Toyota
Mahindra Jeep MM,Mahindra
Chevrolet Beat LS,Chevrolet
Chevrolet Cruze LTZ,Chevrolet
Jeep Wrangler Unlimited,Jeep
Maruti Suzuki Ertiga,Maruti
Hyundai Verna VGT,Hyundai
Maruti Suzuki Omni,Maruti
Maruti Suzuki Celerio,Maruti
Tata Zest Quadrajet,Tata
Mahindra XUV500 W6,Mahindra
Tata Indigo CS,Tata
Hyundai i10 Era,Hyundai
Tata Indigo eCS,Tata
Tata Indigo LX,Tata
Tata Indigo eCS,Tata
Tata Indigo Marina,Tata
Hyundai Xcent SX,Hyundai
Hyundai Eon Magna,Hyundai
Renault Duster 85,Renault
Maruti Suzuki Alto,Maruti
Tata Nano LX,Tata
Renault Duster 110,Renault
Maruti Suzuki Wagon,Maruti
Maruti Suzuki Swift,Maruti
Maruti Suzuki Ertiga,Maruti
Maruti Suzuki Swift,Maruti
Maruti Suzuki Alto,Maruti
Hyundai i20 Magna,Hyundai
Hyundai i10 Magna,Hyundai
Tata Zest XE,Tata
Mahindra Xylo E8,Mahindra
Toyota Corolla Altis,Toyota
Tata Manza Aqua,Tata
Renault Kwid 1.0,Renault
Tata Venture EX,Tata
Maruti Suzuki Swift,Maruti
Skoda Octavia Classic,Skoda
Maruti Suzuki Omni,Maruti
Chevrolet Beat Diesel,Chevrolet
Tata Sumo Gold,Tata
Hyundai Verna 1.6,Hyundai
Tata Sumo Gold,Tata
Mahindra Scorpio 2.6,Mahindra
Maruti Suzuki Zen,Maruti
Maruti Suzuki Swift,Maruti
Mahindra Scorpio SLX,Mahindra
Hyundai Grand i10,Hyundai
Hyundai Elite i20,Hyundai
Ford Ikon 1.6,Ford
Toyota Innova 2.5,Toyota
Nissan Sunny XL,Nissan
Chevrolet Beat LT,Chevrolet
Maruti Suzuki Alto,Maruti
Maruti Suzuki Swift,Maruti
Maruti Suzuki Swift,Maruti
Maruti Suzuki Swift,Maruti
Toyota Innova 2.0,Toyota
Maruti Suzuki Swift,Maruti
Hyundai Elite i20,Hyundai
Mahindra XUV500 W10,Mahindra
Volkswagen Polo Trendline,Volkswagen
Toyota Etios Liva,Toyota
Mahindra TUV300 T4,Mahindra
Hyundai Elite i20,Hyundai
Hyundai Santro Xing,Hyundai
Maruti Suzuki Zen,Maruti
Maruti Suzuki Ciaz,Maruti
Hyundai Eon Era,Hyundai
Hyundai Elantra 1.8,Hyundai
Maruti Suzuki Swift,Maruti
Maruti Suzuki Zen,Maruti
Hyundai Eon Era,Hyundai
Hyundai Grand i10,Hyundai
Hyundai Verna Fluidic,Hyundai
Ford EcoSport Trend,Ford
Hyundai i20 Magna,Hyundai
Chevrolet Beat Diesel,Chevrolet
Tata Indica eV2,Tata
Jaguar XF 2.2,Jaguar
Audi Q5 2.0,Audi
BMW 3 Series,BMW
Maruti Suzuki Swift,Maruti
BMW X1 sDrive20d,BMW
Maruti Suzuki S,Maruti
Maruti Suzuki Ertiga,Maruti
Maruti Suzuki Alto,Maruti
Honda City SV,Honda
Volkswagen Vento Comfortline,Volkswagen
Honda City 1.5,Honda
Audi A4 2.0,Audi
Mahindra KUV100,Mahindra
Tata Zest XE,Tata
Mahindra XUV500 W8,Mahindra
Maruti Suzuki Swift,Maruti
Tata Sumo Gold,Tata
Maruti Suzuki Swift,Maruti
Mahindra Scorpio 2.6,Mahindra
Maruti Suzuki Omni,Maruti
Mitsubishi Pajero Sport,Mitsubishi
Renault Duster,Renault
Volkswagen Jetta Comfortline,Volkswagen
Maruti Suzuki Ertiga,Maruti
Audi A4 2.0,Audi
Volvo S80 Summum,Volvo
Toyota Corolla Altis,Toyota
Mitsubishi Pajero Sport,Mitsubishi
Chevrolet Beat LT,Chevrolet
BMW X1,BMW
Datsun Redi GO,Datsun
Mercedes Benz C,Mercedes
Mahindra Scorpio SLX,Mahindra
Volkswagen Vento Comfortline,Volkswagen
Tata Indigo CS,Tata
Ford Figo Petrol,Ford
Honda City ZX,Honda
Maruti Suzuki Wagon,Maruti
Ford EcoSport Trend,Ford
Maruti Suzuki Swift,Maruti
Maruti Suzuki Omni,Maruti
Maruti Suzuki Zen,Maruti
Renault Duster RxL,Renault
Maruti Suzuki Swift,Maruti
Maruti Suzuki Baleno,Maruti
Honda WR V,Honda
Tata Indigo CS,Tata
Renault Duster 110,Renault
Mahindra Scorpio LX,Mahindra
Maruti Suzuki Zen,Maruti
Maruti Suzuki Wagon,Maruti
Maruti Suzuki SX4,Maruti
Audi A3 Cabriolet,Audi
Hyundai Eon D,Hyundai
Maruti Suzuki Zen,Maruti
Mahindra Scorpio SLX,Mahindra
Hyundai Santro AE,Hyundai
Maruti Suzuki Swift,Maruti
Mahindra Scorpio S4,Mahindra
Mahindra Xylo D2,Mahindra
Hyundai Santro,Hyundai
Chevrolet Beat LT,Chevrolet
Maruti Suzuki Swift,Maruti
Mahindra XUV500 W8,Mahindra
Toyota Fortuner 3.0,Toyota
Maruti Suzuki Alto,Maruti
Hyundai Getz GLE,Hyundai
Maruti Suzuki Swift,Maruti
Hyundai Creta 1.6,Hyundai
Hyundai Santro Xing,Hyundai
Hyundai Santro Xing,Hyundai
Mahindra Xylo D2,Mahindra
Hyundai Santro Xing,Hyundai
Tata Indica V2,Tata
Hyundai i10 Sportz,Hyundai
Hyundai Grand i10,Hyundai
Hyundai Santro Xing,Hyundai
Honda City 1.5,Honda
Nissan Micra XL,Nissan
Honda City 1.5,Honda
Maruti Suzuki Alto,Maruti
Maruti Suzuki Wagon,Maruti
Maruti Suzuki Ertiga,Maruti
Tata Indica eV2,Tata
Maruti Suzuki Omni,Maruti
Hyundai Eon Era,Hyundai
Hyundai Eon,Hyundai
Maruti Suzuki Swift,Maruti
Hyundai Verna 1.6,Hyundai
Chevrolet Tavera LS,Chevrolet
Tata Tiago Revotron,Tata
Tata Tiago Revotorq,Tata
Maruti Suzuki Zen,Maruti
Mahindra KUV100 K8,Mahindra
Ford EcoSport Titanium,Ford
Hindustan Motors Ambassador,Hindustan
Ford Fusion 1.4,Ford
Hyundai Santro Xing,Hyundai
Hyundai Santro,Hyundai
Fiat Linea Emotion,Fiat
Ford Ikon 1.3,Ford
Maruti Suzuki Omni,Maruti
Tata Indica V2,Tata
Mahindra Scorpio S4,Mahindra
Hyundai Santro Xing,Hyundai
Mahindra Xylo D2,Mahindra
Hyundai Grand i10,Hyundai
Maruti Suzuki Alto,Maruti
Toyota Corolla,Toyota
Hyundai Eon Magna,Hyundai
Tata Sumo Grande,Tata
Maruti Suzuki Swift,Maruti
Volkswagen Polo Highline1.2L,Volkswagen
Maruti Suzuki Alto,Maruti
Tata Tiago Revotron,Tata
Maruti Suzuki Swift,Maruti
Maruti Suzuki Swift,Maruti
Tata Indigo eCS,Tata
Chevrolet Beat LS,Chevrolet
Mahindra Xylo E8,Mahindra
Hyundai Eon D,Hyundai
Tata Sumo Gold,Tata
Tata Nano,Tata
Hyundai Elite i20,Hyundai
Hyundai i10 Magna,Hyundai
Hyundai Creta,Hyundai
Volkswagen Polo,Volkswagen
Maruti Suzuki Dzire,Maruti
Tata Bolt XM,Tata
Maruti Suzuki Alto,Maruti
Maruti Suzuki Alto,Maruti
Maruti Suzuki Ritz,Maruti
Maruti Suzuki Alto,Maruti
Maruti Suzuki Dzire,Maruti
Hyundai i20 Asta,Hyundai
Maruti Suzuki Swift,Maruti
Tata Indica V2,Tata
Mahindra Scorpio VLX,Mahindra
Toyota Innova 2.5,Toyota
Mahindra Xylo E8,Mahindra
Hyundai i20 Magna,Hyundai
Maruti Suzuki Omni,Maruti
Mahindra KUV100,Mahindra
Mahindra KUV100 K8,Mahindra
Datsun Go Plus,Datsun
Ford Endeavor 4x4,Ford
Tata Indica V2,Tata
Hyundai Santro Xing,Hyundai
Maruti Suzuki Wagon,Maruti
Maruti Suzuki Swift,Maruti
Maruti Suzuki Alto,Maruti
Toyota Innova 2.5,Toyota
Maruti Suzuki Alto,Maruti
Maruti Suzuki Alto,Maruti
Volkswagen Polo Highline1.2L,Volkswagen
Mahindra Logan,Mahindra
Maruti Suzuki 800,Maruti
Mahindra Scorpio,Mahindra
Chevrolet Sail 1.2,Chevrolet
Hyundai Santro AE,Hyundai
Maruti Suzuki Wagon,Maruti
Hyundai Eon,Hyundai
Tata Manza,Tata
Toyota Etios G,Toyota
Hyundai Getz Prime,Hyundai
Toyota Qualis,Toyota
Hyundai Santro Xing,Hyundai
Tata Indica eV2,Tata
Honda City 1.5,Honda
Tata Zest XE,Tata
Mahindra Quanto C4,Mahindra
Tata Indigo eCS,Tata
Maruti Suzuki Swift,Maruti
Hyundai Elite i20,Hyundai
Hyundai i20 Select,Hyundai
Chevrolet Tavera Neo,Chevrolet
Maruti Suzuki Dzire,Maruti
Hyundai Elite i20,Hyundai
Honda City VX,Honda
Maruti Suzuki Dzire,Maruti
Hyundai Getz,Hyundai
Mercedes Benz C,Mercedes
Maruti Suzuki Alto,Maruti
Maruti Suzuki Swift,Maruti
Skoda Fabia,Skoda
Maruti Suzuki Ritz,Maruti
Tata Indica V2,Tata
Toyota Corolla Altis,Toyota
Tata Zest XM,Tata
Mahindra Quanto C8,Mahindra
